{
  "mode": "target",
  "best_theta": [
    0.5938382519795068,
    0.2145054283884592,
    0.7577135648637677,
    0.4723586209967794,
    0.7014871649489264
  ],
  "best_score": 0.8499299536738923
}