{
  "mode": "target",
  "best_theta": [
    0.31043284073941724,
    1.8106522898381396,
    1.1501764925608378,
    135.4683006652367,
    6.651239115756988
  ],
  "best_score": 0.09333659715723544
}