{
  "mode": "illuminate",
  "thetas": [
    [
      0.658267351317779,
      0.41956479776399713,
      0.05449513491178451,
      51.00612027718255,
      3.5049706800207856
    ],
    [
      0.18101785148632876,
      0.5302818220256985,
      0.0,
      51.207801772968764,
      1.1178588114761523
    ],
    [
      0.4626946196680116,
      0.0018433621995201078,
      0.5951772284976447,
      53.779412505415145,
      3.534217831082134
    ],
    [
      0.6336883042507812,
      1.207788578216801,
      0.5304772489505525,
      75.38685679475458,
      2.5312345833607415
    ],
    [
      1.4845302670228397,
      0.45843965809448634,
      0.4317321731837824,
      54.16145383298237,
      3.2837503037326794
    ],
    [
      0.1590580199104594,
      0.5631711346770157,
      0.0,
      51.46013773956348,
      1.1107711047707087
    ],
    [
      0.26329523929682463,
      2.0,
      0.2957030279350084,
      75.03660538334366,
      2.23132214854451
    ],
    [
      0.0,
      0.6048235686370356,
      0.345728837314127,
      51.6111502610581,
      1.6154830991592448
    ],
    [
      0.719015801147572,
      0.8740639075986829,
      1.3952623918545297,
      18.431566028097777,
      5.667367008119673
    ],
    [
      1.3412757392363188,
      0.4207651221476818,
      0.2578525953097066,
      54.15996912938574,
      3.545975396598358
    ],
    [
      1.1403935408357593,
      0.8772030269246407,
      1.9767476761184524,
      24.28627350472393,
      2.4621372926638427
    ],
    [
      0.3226190357699925,
      1.3062166509307969,
      0.5065832050795642,
      75.28350819988287,
      2.710979144011219
    ],
    [
      0.31793916729103944,
      0.22075028232861027,
      1.3126591789305468,
      29.34561318880593,
      2.3760765317603747
    ],
    [
      0.7374503413219282,
      1.6419864596958702,
      0.19420255158612254,
      127.31228704983255,
      1.6726888552577415
    ],
    [
      1.9529189300267915,
      0.9373024032954032,
      1.9535221763806743,
      94.67837276430643,
      6.174845055788111
    ],
    [
      0.07837558450864135,
      0.5656139251528192,
      0.2403931224263378,
      51.45962765310029,
      1.8310940326797085
    ]
  ],
  "run_elapsed_seconds": 679.8580901622772
}