{
  "mode": "target",
  "best_theta": [
    1.3851410827395143,
    2.0,
    2.0,
    141.9562815590673,
    6.098076473057312
  ],
  "best_score": 0.1482096941941838
}