{
  "mode": "target",
  "best_theta": [
    0.26291663750264493,
    0.004925837218683671,
    0.91750482878212,
    0.9710504706381025,
    0.30100607448297256
  ],
  "best_score": 0.37330132145878947
}