{
  "mode": "target",
  "best_theta": [
    0.20644588192686675,
    0.06021261223775565,
    0.23625206033797075,
    0.9428969825418985,
    0.5500473637378455
  ],
  "best_score": 0.5457360840507522
}