{
  "mode": "target",
  "best_theta": [
    0.5757039126101537,
    0.8495857666252605,
    0.05336457414988527,
    0.6531672571599219,
    0.6431113573973128
  ],
  "best_score": 0.0058102314497475716
}